config,config_str,total_cost,avg_cost,total_time,avg_time,total_input_tokens,total_output_tokens,avg_not_available_features,avg_features_extracted,quality_score,cost_per_feature,time_per_feature
miss:0_low:0,miss:0_low:0,0.284965,0.01899766666666667,191.58587741851807,12.772391827901204,30827,13083,5.2,32.333333333333336,0.8391752577319588,0.0007001597051597052,0.4707269715442704
miss:1_low:0,miss:1_low:0,0.6288750000000001,0.041925000000000004,848.3363904953003,56.55575936635335,95099,15338,2.7333333333333334,34.666666666666664,0.9211538461538461,0.0013128914405010441,1.7710571826624224
miss:1_low:1,miss:1_low:1,0.6056600000000001,0.04037733333333334,37373.546946287155,2491.5697964191436,90948,15092,2.466666666666667,32.8,0.9247967479674796,0.0013311208791208797,82.13966361821353
miss:2_low:0,miss:2_low:0,0.6185400000000001,0.04123600000000001,790.0904271602631,52.67269514401754,93598,15055,2.8,32.93333333333333,0.9149797570850202,0.0013684513274336287,1.7479876707085469
miss:2_low:2,miss:2_low:2,0.60575,0.040383333333333334,891.9851386547089,59.46567591031393,90958,15096,2.533333333333333,32.13333333333333,0.9211618257261411,0.0013643018018018017,2.0089755375106053
miss:3_low:3,miss:3_low:3,0.87589,0.05839266666666666,1252.4141702651978,83.49427801767985,142948,16115,1.6666666666666667,34.333333333333336,0.9514563106796117,0.0017875306122448976,2.5559472862555053
